entity_id,composition_or_state,qualification_notes
MAT-0001,Not yet researched,Specifications depend on route and customer; not yet researched
MAT-0002,Not yet researched,Specifications depend on route and customer; not yet researched
MAT-0003,Not yet researched,Specifications depend on route and customer; not yet researched
MAT-0004,Not yet researched,Specifications depend on route and customer; not yet researched
MAT-0005,Not yet researched,Specifications depend on route and customer; not yet researched
MAT-0006,Not yet researched,Specifications depend on route and customer; not yet researched
MAT-0007,Not yet researched,Specifications depend on route and customer; not yet researched
MAT-0008,Not yet researched,Specifications depend on route and customer; not yet researched
MAT-0009,Not yet researched,Specifications depend on route and customer; not yet researched
MAT-0010,Not yet researched,Specifications depend on route and customer; not yet researched
